INSERT INTO `admins` (`id`, `name`, `email`, `password`, `remember_token`, `created_at`, `updated_at`) VALUES
(1, 'Admin', 'admin@gmail.com', '$2y$10$XCCv7ltsdTCuwEecMWpMDuopfFOdkvf9OTspJvsKskJJS1hzK5Oze', 'KiXOfUjxX4msD3kZjsOcpDhrh4ZYDFp2tzXfRVLALmJmeooYfXoNkZB1HvHr', '2018-06-03 19:31:10', '2018-06-03 19:31:10');

INSERT INTO `caste` (`id`, `caste_name`) VALUES
(1, 'PANDARAM – பண்டாரம்'),
(2, 'CHETTIYAR – செட்டியார்'),
(3, 'MUDALIYAR – முதலியார்'),
(4, 'KONGU VELLALAR GOUNDER – கொங்கு வெள்ளாளர் கவுண்டர்'),
(5, 'NADAR – நாடார்'),
(6, 'MUKKULATHOR – முக்குலத்தோர்'),
(7, 'ADI DRAVIDAR – ஆதி திராவிடர்'),
(8, 'IYER – ஐயர்'),
(9, 'IYENGAR – அய்யங்கார்'),
(10, 'SOURASHTRA – சௌராட்டிரர்'),
(11, 'NAIDU – நாய்டு'),
(12, 'REDDIAR – ரெட்டியார்'),
(13, 'VANNIYAR – வன்னியர்'),
(14, 'UDAYAR – உடையார்'),
(15, 'PILLAI – பிள்ளை'),
(16, 'THULUVA VELLALAR - துளுவா வெல்லர்'),
(17, 'YADAVAR – யாதவர்'),
(18, 'Vishwakarma - விஸ்வகர்மா'),
(19, 'Senai Thalaivar - சேனை தலாய்வார்'),
(20, 'Navithar - நாவிதர்'),
(21, 'URALI GOUNDER - ஊராளி கவுண்டர்');

INSERT INTO `scrollingmessage` (`id`, `scrolling_message`, `active`) VALUES
(1, '26-04-18 முதல் 28-04-18 வரை மதுரை மீனாட்சி திருகல்யாணத்தை முன்னிட்டு ஆன்லைனில் பதிவு செய்பவர்களுக்கு முற்றிலும் இலவசம். சுய விவரத்தை பூர்த்தி செய்த பின் 9940101795ஐ தொடர்பு கொள்ளவும்.', 1);

INSERT INTO `day` (`id`, `day_name`) VALUES
(1, '1'),
(2, '2'),
(3, '3'),
(4, '4'),
(5, '5'),
(6, '6'),
(7, '7'),
(8, '8'),
(9, '9'),
(10, '10'),
(11, '11'),
(12, '12'),
(13, '13'),
(14, '14'),
(15, '15'),
(16, '16'),
(17, '17'),
(18, '18'),
(19, '19'),
(20, '20'),
(21, '21'),
(22, '22'),
(23, '23'),
(24, '24'),
(25, '25'),
(26, '26'),
(27, '27'),
(28, '28'),
(29, '29'),
(30, '30'),
(31, '31');

INSERT INTO `dosatype` (`id`, `dosatype_name`) VALUES
(1, 'Sun - சூரியன்'),
(2, 'Moon - சந்திரன்'),
(3, 'Mars - செவ்வாய்'),
(4, 'Mercury - புதன்'),
(5, 'Jupiter - வியாழன் (குரு)'),
(6, 'Venus - வெள்ளி (சுக்கிரன்)'),
(7, 'Saturn - சனி'),
(8, 'Rahu - ராகு'),
(9, 'Ketu - கேது');

INSERT INTO `dosham` (`id`, `dosham_name`) VALUES
(1, 'Chovvadosham'),
(2, 'Normal'),
(3, 'Sudha Jathakam'),
(4, 'No Mention');

INSERT INTO `graduate` (`id`, `graduate_name`) VALUES
(1, 'Non Graduate'),
(2, 'Diploma'),
(3, 'Graduate'),
(4, 'Post Graduate'),
(5, 'Doctorate'),
(6, 'Professional');


INSERT INTO `hour` (`id`, `hour`) VALUES
(1, '1'),
(2, '2'),
(3, '3'),
(4, '4'),
(5, '5'),
(6, '6'),
(7, '7'),
(8, '8'),
(9, '9'),
(10, '10'),
(11, '11'),
(12, '12');

INSERT INTO `language` (`id`, `language_name`, `short_name`) VALUES
(1, 'Tamil', 'ta'),
(2, 'Telugu', 'te'),
(3, 'Malayalam', 'ma'),
(4, 'Kannada', 'ka');

INSERT INTO `minute` (`id`, `minute_name`) VALUES
(1, '1'),
(2, '2'),
(3, '3'),
(4, '4'),
(5, '5'),
(6, '6'),
(7, '7'),
(8, '8'),
(9, '9'),
(10, '10'),
(11, '11'),
(12, '12'),
(13, '13'),
(14, '14'),
(15, '15'),
(16, '16'),
(17, '17'),
(18, '18'),
(19, '19'),
(20, '20'),
(21, '21'),
(22, '22'),
(23, '23'),
(24, '24'),
(25, '25'),
(26, '26'),
(27, '27'),
(28, '28'),
(29, '29'),
(30, '30'),
(31, '31'),
(32, '32'),
(33, '33'),
(34, '34'),
(35, '35'),
(36, '36'),
(37, '37'),
(38, '38'),
(39, '39'),
(40, '40'),
(41, '41'),
(42, '42'),
(43, '43'),
(44, '44'),
(45, '45'),
(46, '46'),
(47, '47'),
(48, '48'),
(49, '49'),
(50, '50'),
(51, '51'),
(52, '52'),
(53, '53'),
(54, '54'),
(55, '55'),
(56, '56'),
(57, '57'),
(58, '58'),
(59, '59'),
(0, '00');

INSERT INTO `month` (`id`, `month_name`) VALUES
(1, '01'),
(2, '02'),
(3, '03'),
(4, '04'),
(5, '05'),
(6, '06'),
(7, '07'),
(8, '08'),
(9, '09'),
(10, '10'),
(11, '11'),
(12, '12');

INSERT INTO `natchathiram` (`id`, `star_name`) VALUES
(1, 'Ashwini - அஸ்வினி'),
(2, 'Bharani - பரணி'),
(3, 'Krittika - கார்த்திகை'),
(4, 'Rohini - ரோகிணி'),
(5, 'Mrigashirsa - மிருகசீரிடம்'),
(6, 'Ardra - திருவாதிரை'),
(7, 'Punarvasu - புனர்பூசம் '),
(8, 'Pushya - பூசம்'),
(9, 'Ashlesha - ஆயில்யம்'),
(10, 'Magha - மகம்'),
(11, 'Poorvaphalguni - பூரம்'),
(12, 'Uttaraphalguni - உத்திரம்'),
(13, 'Hasta - ஹஸ்தம்'),
(14, 'Chitra - சித்திரை'),
(15, 'Swati - சுவாதி'),
(16, 'Vishakha - விசாகம்'),
(17, 'Anuradha - அனுசம்'),
(18, 'Jyeshta - கேட்டை'),
(19, 'Moola - மூலம்'),
(20, 'Poorvashada - பூராடம்'),
(21, 'Uttarashadha - உத்திராடம்'),
(22, 'Sravana - திருவோணம்'),
(23, 'Dhanishtha - அவிட்டம்'),
(24, 'Satabisha - சதயம்'),
(25, 'Poorvabhadrapada - பூரட்டாதி'),
(26, 'Uttarabhadrapada - உத்திரட்டாதி'),
(27, 'Revati - ரேவதி');

INSERT INTO `professional` (`id`, `professional_name`) VALUES
(1, 'Govt Jobs'),
(2, 'Private Jobs'),
(3, 'Business'),
(4, 'Professional'),
(5, 'None');

INSERT INTO `qualification` (`id`, `qualification_name`) VALUES
(1, 'Bachelors'),
(2, 'Masters'),
(3, 'Doctorate'),
(4, 'Diploma'),
(5, 'Undergraduate'),
(6, 'Associates degree'),
(7, 'Honours degree'),
(8, 'BSc (Agri)'),
(9, 'Ayurvedic Medicne'),
(10, 'Homeopathic medicine'),
(11, 'Trade school'),
(12, 'High school'),
(13, 'Less than high school'),
(14, 'B.Tech (CSE) '),
(15, 'B.Sc (APPLIED NUTRITION) '),
(16, 'MCA '),
(17, 'B.Pharm '),
(18, 'M.Pharm '),
(19, 'M.Sc (Agr) '),
(20, 'M.Tech '),
(21, 'MSc (Botony) '),
(22, 'M.Sc (Zoology) '),
(23, 'M.Sc (Chemistry)'),
(24, 'M.Sc (Maths) '),
(25, 'BUMS '),
(26, 'BAMS'),
(27, 'BHMS (Homeopathy) '),
(28, 'MA '),
(29, 'B.Ed '),
(30, 'MBBS '),
(31, 'MBA '),
(32, 'MSC (MicroBio)'),
(33, 'Gen. Nursing '),
(34, 'M.F.Sc'),
(35, 'B.D.S '),
(36, 'M.D.S '),
(37, 'M.S '),
(38, 'B.Tech '),
(39, 'B.Sc. (BioTech) '),
(40, 'B.Sc. (General) '),
(41, 'B.Tech. (IT) '),
(42, 'MSc.Botony, MA B.Ed. '),
(43, 'B.A. B.Ed. '),
(44, 'BCA '),
(45, 'BE '),
(46, 'B.SC. '),
(47, 'B.COM. '),
(48, 'BA '),
(49, 'B.Sc COMP '),
(50, 'DCE '),
(51, 'DEE '),
(52, 'DME '),
(53, 'BCS');

INSERT INTO `rasipalan` (`id`, `rasi_name`) VALUES
(1, 'Aries - மேஷம் '),
(2, 'Taurus - ரிஷபம் '),
(3, 'Gemini - மிதுனம் '),
(4, 'Cancer - கடகம்'),
(5, 'Leo - சிம்மம்'),
(6, 'Virgo - கன்னி'),
(7, 'Libra - துலாம்'),
(8, 'Scorpio - விருச்சிகம்'),
(9, 'Sagittarius - தனுசு'),
(10, 'Capricorn - மகரம்'),
(11, 'Aquarius - கும்பம்'),
(12, 'Pisces - மீனம்');

INSERT INTO `second` (`id`, `second_name`) VALUES
(1, '1'),
(2, '2'),
(3, '3'),
(4, '4'),
(5, '5'),
(6, '6'),
(7, '7'),
(8, '8'),
(9, '9'),
(10, '10'),
(11, '11'),
(12, '12'),
(13, '13'),
(14, '14'),
(15, '15'),
(16, '16'),
(17, '17'),
(18, '18'),
(19, '19'),
(20, '20'),
(21, '21'),
(22, '22'),
(23, '23'),
(24, '24'),
(25, '25'),
(26, '26'),
(27, '27'),
(28, '28'),
(29, '29'),
(30, '30'),
(31, '31'),
(32, '32'),
(33, '33'),
(34, '34'),
(35, '35'),
(36, '36'),
(37, '37'),
(38, '38'),
(39, '39'),
(40, '40'),
(41, '41'),
(42, '42'),
(43, '43'),
(44, '44'),
(45, '45'),
(46, '46'),
(47, '47'),
(48, '48'),
(49, '49'),
(50, '50'),
(51, '51'),
(52, '52'),
(53, '53'),
(54, '54'),
(55, '55'),
(56, '56'),
(57, '57'),
(58, '58'),
(59, '59'),
(0, '00');

INSERT INTO `subcaste` (`id`, `subcaste_name`, `caste_id`) VALUES
(1, 'JANGAM – ஜங்கம்', 1),
(2, 'VEERA SAIVAM -வீர சைவம் ', 1),
(3, 'PANDARAM-பண்டாரம் ', 1),
(4, 'ANDI PANDARAM -அண்டி பண்டாரம் ', 1),
(5, 'YOGEESWARAR -யோகீஸ்வரர் ', 1),
(6, 'KANNADIYAR -கன்னடியார் ', 1),
(7, 'LINGAYATHU -லிங்காயத்து ', 1),
(8, 'PULAVAR -புலவர்', 1),
(9, 'IYER -ஐயர் ', 1),
(10, 'JOGI -ஜோகி ', 1),
(11, 'THAMBIRAN - தம்பிரான் ', 1),
(12, 'ODHUVAR -ஓதுவார் ', 1),
(13, 'GURUKKAL -குருக்கள்', 1),
(14, 'POOSARI -பூசாரி ', 1),
(15, 'IYYA -ஐயா ', 1),
(16, 'SIVACHARIAR -சிவாச்சாரியார் ', 1),
(17, 'MOORTHI -மூர்த்தி ', 1),
(18, 'VAIRAVI -வைரவி ', 1),
(19, 'MEIKKAVAL - மெய்க்காவல் ', 1),
(20, 'MANIAKKARAR -மணியக்காரர் ', 1),
(21, 'UVACHAR -உவச்சர் ', 1),
(22, 'DESIKAR -தேசிகர் ', 1),
(23, 'AYIRA VYSYA CHETTIAR -ஆயிர வயஸ்ய செட்டியார் ', 2),
(24, 'ARYA VYSYA CHETTIAR - ஆர்யா  வயஸ்ய செட்டியார்', 2),
(25, 'AGARAM VALLAN CHETTIAR -அகரம் வல்லன் செட்டியார் ', 2),
(26, 'BERI CHETTIAR -பெரி செட்டியார்', 2),
(27, 'DEVANGA CHETTIYAR -தேவாங்க செட்டியார் ', 2),
(28, 'ELUR CHETTIAR -எலூர் செட்டியார் ', 2),
(29, 'KARPOORA CHETTIAR -கற்பூர செட்டியார் ', 2),
(30, 'KASUKKARA CHETTIAR -காசுக்கார செட்டியார்', 2),
(31, 'KOMATI CHETTIAR - கோமதி  செட்டியார்', 2),
(32, 'KONGU CHETTIAR -கொங்கு செட்டியார் ', 2),
(33, 'KOTTAR CHETTIAR - கோட்டார் செட்டியார்', 2),
(34, 'KORUHINI CHETTIAR - கோருகினி செட்டியார் ', 2),
(35, 'MOUNDADAN CHETTIAR -மென்டாடன் செட்டியார் ', 2),
(36, 'NATTUKOTTAI CHETTIAR / NAGARATHAR - நாட்டுக்கோட்டை செட்டியார் ', 2),
(37, 'PANNIRENDAM CHETTIAR -பன்னிரெண்டாம் செட்டியார் ', 2),
(38, 'PATIRA CHETTIAR - பத்திர செட்டியார் ', 2),
(39, 'PUDUKKADAI CHETTIAR - புதுக்கடை செட்டியார்', 2),
(40, 'SOZHIA CHETTIAR - சோழிய செட்டியார் ', 2),
(41, 'SAIVA CHETTIAR - சைவ செட்டியார் ', 2),
(42, 'SENAITHALAIVAR CHETTIAR - சேனைத்தலைவர் செட்டியார் ', 2),
(43, 'TWENTY FOUR MANAI TELUGU CHETTIAR - டுவெண்ட்டி போர்  மணி தெலுகு செட்டியார் ', 2),
(44, 'VALAYAL CHETTIAR - வளையல் செட்டியார் ', 2),
(45, 'VANIYA CHETTIAR - வன்னிய செட்டியார்', 2),
(46, 'VALLANATTU CHETTIAR -வளநாட்டு செட்டியார் ', 2),
(47, 'VELLAN CHETTIAR - வில்லன் செட்டியார் ', 2),
(48, 'UTTAMA CHETTIAR - உத்தம செட்டியார்', 2),
(49, 'SENGUNTHAR - செங்குந்தர்', 3),
(50, 'KAIKOLAR - கைக்கோளர் ', 3),
(51, 'KONGU VELLALAR GOUNDER - கொங்கு வெள்ளாளர் கௌண்டர் ', 4),
(52, 'NADAR - நாடார் ', 5),
(53, 'SANAR - சாணார் ', 5),
(54, 'GRAMANI - கிராமணி ', 5),
(55, 'MARAVAR - மறவர் ', 6),
(56, 'KALLAR - கள்ளர் ', 6),
(57, 'AGAMUDAYAR - அகமுடையார் ', 6),
(58, 'PALLAR - பள்ளர் ', 7),
(59, 'PARAYAR - பறையர் ', 7),
(60, 'VADAMA - வடமா', 8),
(61, 'BRAHATCHARANAM - பிரகாட்சரணம் ', 8),
(62, 'VATHIMA - வாத்திமா', 8),
(63, 'CHOZHIAR - சோழியர் ', 8),
(64, 'ASHTASHASRAM - அஷ்டசஹஸ்ரம் ', 8),
(65, 'MUKKANI - முக்கனி', 8),
(66, 'GURUKKAL -குருக்கள் ', 8),
(67, 'KANIYALAR - காணியாளர்', 8),
(68, 'PRATHAMASAKI -பிரதமஸாகி ', 8),
(69, 'THENKALAI - தென்கலை', 9),
(70, 'VADAKALAI -வடகலை ', 9),
(71, 'SOURASHTRA - சௌராஷ்ட்ரா ', 10),
(72, 'GAURA - கவரா ', 11),
(73, 'KAMMAVAR - கம்மவார் ', 11),
(74, 'BALIJA  -பலிஜா', 11),
(75, 'REDDIAR -ரெட்டியார் ', 12),
(76, 'ARASU - அரசு ', 13),
(77, 'GOUNDER - கௌண்டர் ', 13),
(78, 'NAICKER - நாய்க்கர் ', 13),
(79, 'PADAYACHI - படையாச்சி ', 13),
(80, 'PALLI  - பள்ளி ', 13),
(81, 'PANDAL  - பண்டல் ', 13),
(82, 'VANNIA REDDIAR - வன்னிய ரெட்டியார் ', 13),
(83, 'VANDAIYAR - வாண்டையார் ', 13),
(84, 'MUTHALIPILLAI - முதளிப்பிள்ளை ', 13),
(85, 'MOOPER  - மோப்பெற் ', 13),
(86, 'UDAYAR - உடையார் ', 14),
(87, 'PILLAI - பிள்ளை ', 15),
(88, 'SAIVA PILLAI - சைவ பிள்ளை ', 15),
(89, 'SOZHIYA VELLALA PILLAI - சோழிய வெள்ளாளர் பிள்ளை \'', 15),
(90, 'KARKATHAR - கார்காத்தார் ', 15),
(91, 'NATTAR - நாட்டார்', 15),
(92, 'THULUVA VELLALAR -துளுவ வெள்ளாளர் ', 16),
(93, 'YADAVAR - யாதவர் ', 17),
(94, 'Pavazham - பவழம்', 4),
(95, 'Other', 0),
(96, 'fghfgy', 0),
(97, 'kannandhai - கண்ணந்தை', 4),
(98, 'Vishwakarma - விஸ்வகர்மா', 18),
(99, 'Senai Kudiyar - சேனை குடியார்', 19),
(100, 'Senai Mudaliyar - சேனை முதலியார்', 19),
(101, 'Ilaivaniyar - இலைவாணியர்', 19),
(102, 'Navithar - நாவிதர்', 20),
(103, 'இசை வெள்ளாளர்', 15),
(104, 'இசை வேளாளர்', 15),
(105, 'Goldsmith', 18),
(106, 'Veerakudi Vellaler', 15),
(107, 'URALI GOUNDER - ஊராளி கவுண்டர்', 21),
(108, 'Hindu jangam', 11),
(109, 'Veer', 13),
(110, 'Sathanthai kootam', 4),
(111, 'Vierashewa - Lingyath', 8),
(112, 'SENAITHALAIVAR', 3),
(113, 'Maruthuvar', 20),
(114, 'sc mathari', 7),
(115, 'Kongu boyar', 4),
(116, 'VANNIYAR', 13),
(119, 'test', 25);

INSERT INTO `year` (`year_id`, `year_name`) VALUES
(1950, '1950'),
(1951, '1951'),
(1952, '1952'),
(1953, '1953'),
(1954, '1954'),
(1955, '1955'),
(1956, '1956'),
(1957, '1957'),
(1958, '1958'),
(1959, '1959'),
(1960, '1960'),
(1961, '1961'),
(1962, '1962'),
(1963, '1963'),
(1964, '1964'),
(1965, '1965'),
(1966, '1966'),
(1967, '1967'),
(1968, '1968'),
(1969, '1969'),
(1970, '1970'),
(1971, '1971'),
(1972, '1972'),
(1973, '1973'),
(1974, '1974'),
(1975, '1975'),
(1976, '1976'),
(1977, '1977'),
(1978, '1978'),
(1979, '1979'),
(1980, '1980'),
(1981, '1981'),
(1982, '1982'),
(1983, '1983'),
(1984, '1984'),
(1985, '1985'),
(1986, '1986'),
(1987, '1987'),
(1988, '1988'),
(1989, '1989'),
(1990, '1990'),
(1991, '1991'),
(1992, '1992'),
(1993, '1993'),
(1994, '1994'),
(1995, '1995'),
(1996, '1996'),
(1997, '1997'),
(1998, '1998'),
(1999, '1999'),
(2000, '2000');



